{"mse_loss_step": 0.5899474620819092, "epoch": 0, "trainer/global_step": 30, "_timestamp": 1688116297.9681776, "_runtime": 29.39635157585144, "_step": 30, "_wandb": {"runtime": 29}}