{"mse_loss_step": 0.10972122102975845, "epoch": 7, "trainer/global_step": 218, "_timestamp": 1688116421.5456207, "_runtime": 88.18347764015198, "_step": 226, "mse_loss_epoch": 0.10904127359390259, "Generated samples": {"_type": "image-file", "sha256": "f5819e19a8ae1aee73cd022a5cf6466389f427c77ca3abc218bc1fbf40b67f71", "size": 25490, "path": "media/images/Generated samples_159_f5819e19a8ae1aee73cd.png", "format": "png", "width": 128, "height": 256, "caption": "Generated samples (epoch 4)"}, "_wandb": {"runtime": 87}}